"ID_Adres","Miejscowosc","Ulica","Numer","Kod_pocztowy"
1,"El Limon","Schlimgen","254","39135"
2,"Pārūn","Vidon","69","14267"
3,"Curahnongko","Coleman","16","65030"
4,"Bambari","Algoma","22","35264"
5,"José de Freitas","Meadow Valley","259","53902"
6,"Markušica","New Castle","216","61119"
7,"Sempu","Marcy","62","59812"
8,"Bayawan","Jackson","15","71240"
9,"Kostrzyn nad Odrą","Cherokee","254","32216"
10,"Camagüey","Farmco","223","75316"
11,"Deauville","Sutherland","13","23953"
12,"Campos","Mccormick","300","57259"
13,"Düsseldorf","Hazelcrest","130","50203"
14,"Hovorany","Stang","175","24997"
15,"Ar Rābiyah","Eggendart","27","20075"
16,"Tomislavgrad","Monument","238","29757"
17,"Sauri","Scott","286","21080"
18,"Bayanbulag","Clarendon","197","17291"
19,"Ad Dawādimī","Hudson","219","36293"
20,"Maying","Hallows","38","48381"
21,"San Benito","Kensington","295","67187"
22,"Solok Timur","Haas","71","32832"
23,"Mawlaik","Schlimgen","155","24180"
24,"Dzüünkharaa","Sachs","287","75630"
25,"Prokuplje","Southridge","83","10559"
26,"Świętochłowice","Holy Cross","135","29097"
27,"Oxelösund","Surrey","256","29966"
28,"Chixi","Gulseth","183","76566"
29,"Anyang","Oak Valley","141","38442"
30,"Pingshan","Hintze","61","55251"
31,"Egbe","Cambridge","67","27380"
32,"Buštěhrad","Debs","79","61-450"
33,"Passos","Hansons","73","30131"
34,"Tsimasham","Muir","290","58420"
35,"Piaocao","Eastwood","180","57053"
36,"Abrantes","Dryden","31","62150"
37,"Tsubata","Eastwood","201","58469"
38,"Huangli","Warrior","26","35466"
39,"Skutskär","Shasta","120","16376"
40,"Mashi","Valley Edge","181","67018"
41,"Santa Catalina","Mariners Cove","101","20154"
42,"Canga’an","Del Sol","103","67924"
43,"Kuncen","Mayfield","87","54668"
44,"Nangong","Glacier Hill","18","78959"
45,"Malvinas Argentinas","International","105","78754"
46,"Porto Alegre","Kim","106","11926"
47,"Sumberjati","Independence","179","48685"
48,"Belozërsk","Gerald","173","64948"
49,"Cieplice Śląskie Zdrój","Merchant","167","62674"
50,"Las Animas","Duke","59","50072"
51,"Changtang","Lawn","48","72306"
52,"Kashar","Nova","112","18295"
53,"Mirkovci","Ronald Regan","123","47021"
54,"Las Vegas","Huxley","70","50208"
55,"Francisco Villa","North","176","59259"
56,"Columbus","4th","112","48423"
57,"Tyczyn","Red Cloud","263","42062"
58,"Prosvet","Almo","262","56640"
59,"Alvalade","Thierer","263","73763"
60,"Waiklibang","Ridgeview","118","37136"
61,"Calamba","Scoville","39","11577"
62,"Watubuku","Golf View","193","48436"
63,"Caoping","Warbler","161","63296"
64,"Älvängen","Mifflin","140","69168"
65,"Qiandong","Thompson","212","54729"
66,"Abbottābād","Blaine","264","72770"
67,"Gonzalo","Dennis","100","23708"
68,"Niort","Graceland","244","71683"
69,"Al Bayḑā’","Meadow Valley","30","47640"
70,"Orlando","Jana","131","43248"
71,"Varberg","Jenifer","124","69821"
72,"Agnibilékrou","Beilfuss","245","23124"
73,"Valerik","Mallard","272","32049"
74,"Antananarivo","Evergreen","30","61839"
75,"Burnaby","Kim","260","48860"
76,"Presa","Randy","52","64588"
77,"Batubantar","Sunbrook","177","65605"
78,"Zoumi","Vera","35","40544"
79,"Acobambilla","Carey","246","53845"
80,"Bukama","Arkansas","133","48575"
81,"Hamburg","Crest Line","241","74247"
82,"Kentville","Mcbride","262","68815"
83,"Drammen","Swallow","289","30667"
84,"Yantianhe","Jenifer","102","31857"
85,"Aldana","Bowman","55","20601"
86,"Vasilikón","Lakeland","95","10585"
87,"Desa Gegempalan","Garrison","227","76798"
88,"San Isidro","Laurel","78","21923"
89,"Kandun","Jay","170","41862"
90,"Yuquan","Mifflin","86","30616"
91,"Sampir","Springs","283","27219"
92,"Alupay","Iowa","147","21599"
93,"Debelets","Stone Corner","87","58632"
94,"Shuidong","Carpenter","23","29799"
95,"Gangkoujie","David","12","69940"
96,"Condado","Burrows","272","14526"
97,"Luz de Tavira","Butternut","118","75495"
98,"Vila Chã","Bowman","119","38568"
99,"Barra Velha","Dixon","128","59441"
100,"Wuqu","Oneill","146","44833"
101,"Torun","Sienkiewicza","45","87-300"
102,"Kowalewo Pomorskie","Mickiewicza","48","87250"
103,"Torun","Mickiewucza","12","87300"
104,"Torun","Mickiewicza","87","87300"
107,"Bydgoszcz","Nowa","12","87-200"
108,"Konin","Prosta","173","62-540"
109,"Camagüey","Farmco","223","75316"
124,"Warszawa","Pożarowa","72","03-309"
125,"Kielce","Rozmarynowa","58","25-223"
126,"Kraków","Olsztyńska","120","31-410"
127,"Olsztyn","Sosnowa","12/45","10-000"
128,"Łódź","Kamienna","17","50-547"
129,"Będzin","Zwycięstwa","149","42-500"
130,"Olsztyn","Krucza","12/78","87-101"
131,"Ostrowo","Kręta","12","84-105"
132,"Olsztyn","Dobrzyńska","45/79","87-100"
133,"Brodnica","Tulipanowa","45/1","87-300"
135,"Kazimierz","Krótka","87","43-908"
136,"Wilczyn","Zielona","81","62-542"
138,"Rypin","Długa","64/3","87-500"
