"ID_Czesci","Nazwa","Cena"
2,"Kolo 17 cali",900
4,"Śrubka m10",12.4
6,"Uszczelka pod głowicę VW 4",150
7,"Uszczelka pod głowicę VW 5",190
10,"Szyba przednia Opel Insygnia",650
11,"Szyba przednia Mercedes S450",949
13,"Farba kolor granatowy 0,5L",45
30,"Silnik V8 1.9TDI ",3859
31,"Srubka m5 ",60
35,"Filtr powietrza HART WT212016",26
37,"Sygnalizator dźwiękowy",40.16
39,"Wycieraczka płaska 480mm",29.74
40,"Sprzęgło alternatora",129.51
41,"Filtr powietrza",305.73
43,"Żarówka reflektora Bosch 1",10
44,"Żarówka lampy przeciwmgielnej OSRAM",13
45,"Żarówka światła cofania OSRAM 7507",5
46,"Żarówka H1 LED M-TECH 9XLED",20
47,"Olej CASTROL Magnatec Diesel DPF 5W40 1L",35
48,"Olej silnikowy Castrol GTX C3 RN17 5W30 1L",36
49,"Olej CASTROL Magnatec C3 5W40 1L",41
50,"Olej CASTROL Edge Titanium FST Turbo Diesel 5W40 1L",39
51,"Olej Półsyntetyczny CASTROL Magnatec A3/B4 10W40 1L",32
52,"Opona wielosezonowa KLEBER Quadraxer 2 225/45 R17 94V",389.5
53,"Alternator VALEO 443006",2820
55,"Filtr oleju JAPKO 1ECO025",15
57,"Filtr oleju ALCO FILTER MD-731",22
58,"Filtr oleju HART WT512065",23
59,"Filtr oleju KRAFT AUTOMOTIVE 1700046",24
60,"Filtr oleju BOSCH F 026 407 157",27
61,"Filtr oleju MANN-FILTER HU 7020 z",25
62,"Filtr paliwa FEBI BILSTEIN 12649",42
63,"Filtr paliwa FILTRON PP 832",33
64,"Filtr paliwa CHAMPION CFF100226",55
65,"Filtr paliwa SOFIMA S 1508 B",80
66,"Filtr paliwa MAHLE KL 35",89
67,"Filtr kabinowy MAXGEAR 26-0799",27
68,"Filtr kabinowy VEMO V10-30-1004",31
69,"Filtr kabinowy DENCKERMANN M110648",31
70,"Filtr kabinowy TOPRAN 111 123",36
71,"Filtr kabinowy KRAFT AUTOMOTIVE 1730090",36
72,"Filtr kabinowy PURFLUX AH269",38
73,"Filtr kabinowy AUTOMEGA 180049210",39
75,"Czujnik temperatury płynu chłodzącego MAXGEAR",18
76,"Czujnik temperatury płynu chłodzącego EPS",29
78,"Wtryskiwacz, wtrysk dwupunktowy BOSCH",1908
79,"Wtryskiwacz, wtrysk jednopunktowy BOSCH ",3342
80,"Zawór EGR ELSTOCK 71-0262",456
81,"Zawór EGR TMI EG00287",343
82,"Zawór EGR LUCAS ELECTRICAL LEV1543",445
86,"Kolo 18 cali",550
87,"Przekaźnik",18
88,"Śrubka m8",27
89,"Pompa oleju, automatyczna skrzynia",4770
