"ID_Klient","Imie","Nazwisko","ID_Adres","Telefon"
1,"Lorenzo","Wharram",1,564956734
2,"Kirstyn","Tolerton",2,651621461
3,"Larisa","MacKartan",3,567322783
4,"Bird","Goodredge",4,543196541
5,"Yale","Marcq",5,598549081
6,"Venita","Belvard",6,556296390
7,"Ivar","Boyd",7,586979759
8,"Abramo","Demko",8,590778445
9,"Constancia","Layfield",9,544301619
10,"Baron","Sivell",10,684438761
11,"Suellen","Corton",11,577746629
12,"Avivah","Danilewicz",12,632835082
13,"Otes","Frensch",13,624899881
14,"Jozef","Gussie",14,534649538
15,"Barth","Phin",15,547747981
16,"Suzanne","Dowdell",16,589395713
17,"Norton","Gaitskill",17,610956741
18,"Ruthie","Blazic",18,624566546
19,"Gwenny","Vallens",19,587715339
20,"Harper","Davidovics",20,509632399
21,"Josselyn","Killelay",21,535196710
22,"Magnum","Espley",22,521049060
23,"Muire","Meiklam",23,636376936
24,"Martie","Hillock",24,667695732
25,"Estele","Cutchee",25,664936147
26,"Alessandra","Phelps",26,507488040
27,"Lindy","Wishart",27,571135517
28,"Jewelle","Dallin",28,585013509
29,"Leena","Rizon",29,605433019
30,"Dolley","Laybourn",30,646382113
31,"Ody","Scare",31,615466273
32,"Siffre","Eacott",32,683580782
33,"Dav","Arbon",33,673726847
34,"Augustin","Leahey",34,604065592
35,"Kiah","Briatt",35,664668535
36,"Madalyn","Wateridge",36,538301472
37,"Damian","Durnford",37,677983908
38,"Thurston","Bortolomei",38,517289486
39,"Faber","Swin",39,512541417
40,"Issi","Jurgen",40,639192050
41,"Gaile","Tatershall",41,593500434
42,"Gustie","Scrafton",42,506596595
43,"Collie","Gartery",43,547794667
44,"Carol","Vowles",44,546206385
45,"Barbette","Vogel",45,505753634
46,"Judas","Megahey",46,691259576
47,"Gusta","Samwayes",47,572356396
48,"Joan","Dytham",48,574880044
49,"Rip","Argabrite",49,584803329
50,"Cornell","Dudleston",50,607452543
51,"Waring","Vodden",51,620937010
52,"Aggy","Daenen",52,625503536
53,"Norbert","Cunah",53,657955932
54,"Mackenzie","Curd",54,636084737
55,"Farand","Pountney",55,561568074
56,"Eunice","Murley",56,624210839
57,"Ash","Farfolomeev",57,670043572
58,"Aleksandr","Rendell",58,588379517
59,"Josiah","Ingilson",59,617802902
60,"Grantham","Dener",60,666498865
61,"Bari","Margerrison",61,515000659
62,"Delmor","Laurenty",62,573001480
63,"Kile","Limmer",63,616741260
64,"Magdalen","Beran",64,600986322
65,"Belinda","Alvis",65,528168239
66,"Lorrie","Tarbatt",66,545747491
67,"Laurianne","Tooher",67,569073723
68,"Herminia","Stirrip",68,604494597
69,"Brier","Kliemchen",69,537056346
70,"Adamo","Dugdale",70,678716819
71,"Chloris","April",71,688667335
72,"Francene","Byass",72,610129773
73,"Beverly","Nolte",73,617221970
74,"Shirleen","Retchless",74,561816285
75,"Culver","Keeling",75,603004788
76,"Thorn","Levi",76,637850393
77,"Jakob","Burbudge",77,572743718
78,"Agace","Lardeux",78,645638773
79,"Marysa","Splaven",79,655259943
80,"Ly","Oldcote",80,640196790
81,"Carla","Annice",81,562520594
82,"Tasia","Hebborn",82,697121752
83,"Beckie","Alexandrescu",83,533952788
84,"Perry","Bouldon",84,536579824
85,"Allis","Giottini",85,650321424
86,"Jackquelin","McNiven",86,596158905
87,"Tootsie","Dougharty",87,522580606
88,"Merv","Hegarty",88,692892160
89,"Kurt","Seager",89,584631135
90,"Hector","Spofforth",90,509801727
91,"Hilary","Powling",91,587482379
92,"Shay","Clemits",92,658911977
93,"Ignacius","Quogan",93,594300764
94,"Deena","Jobes",94,538364928
95,"Stefano","Maasz",95,579495113
96,"Mei","MacCroary",96,607470537
97,"Vicky","Dawe",97,628837781
98,"Dalia","Nolleau",98,601839132
99,"Shani","McKelvey",99,636847360
100,"Adam","Kowalski",102,895486589
101,"Jan","Nowak",103,234545676
102,"Daniel","Nowak",104,234545676
105,"Paweł","Nowak",107,234545676
106,"Arkadiusz","Bytomski",108,234545676
108,"Kamil","Poznański",127,691212343
109,"Maurycy","Janikowski",130,564875498
110,"Jan","Mazurczyk",131,726236095
111,"Paweł","Kaszewski",132,685412548
112,"Marta","Sikorska",133,634545668
114,"Wiktor","Rybarczyk",135,456789987
115,"Antoni","Mazur",136,234545678
117,"Michał","Kowal",138,456789876
