"ID_Naprawa","Numer_rejestracyjny","ID_Pracownik","Data_przyjecia","Data_wydania","Status_naprawy","Opis_usterek","Wiadomosc_zwrotna"
16,"NOAF569",1,"2022-05-21","2022-05-22","Wydany","Klient zasygnalizował głośne pukanie z prawej przedniej strony pojazdu. Dodatkowo wymiana oleju silnikowego i filtrów oleju, paliwa."," Naprawiono"
18,"PZ9872J",20,"2022-05-21","2022-05-21","Wydany","Klient doświadczył samoistnego skręcania kierownicą w czasie jazdy po prostej drodze. Zapięcie pasów bezpieczeństwa trochę się zacina."," wymiana podzespołów"
19,"NO8UY67",1,"2022-05-21","2022-05-23","Wydany","Kamera cofania nie włącza się automatycznie po włączeniu biegu wstecznego."," Naprawiono"
20,"CBR7HK9",19,"2022-05-21",NULL,"Przyjety","Klimatyzacja nie działa oraz nieprzyjemny zapach z nawiewów.",""
22,"PZ9872J",1,"2022-05-21","2022-05-21","Wydany","Wymiana opon na letnie"," Wymiana filtra powietrza i trzech śrubek"
23,"PKN87C20",1,"2022-05-21","2022-05-21","Wydany","Uszkodzenie przedniej szyby"," Naprawiono"
24,"PKN218ID",1,"2022-05-21",NULL,"DoOdbioru","Uszkodzenie"," Naprawiono"
26,"CRYJK87",16,"2022-05-23","2022-05-23","Wydany","Samochód zamiast jechać do przodu jedzie do tyłu."," Naprawiono"
27,"CBR7HK9",16,"2022-05-23",NULL,"DoOdbioru","Awaria"," Naprawiono"
28,"CBR7HK9",16,"2022-05-23",NULL,"DoOdbioru","Awaria2"," Naprawiono"
