"Numer_rejestracyjny","ID_Klient","Marka","Model","Numer_VIN","Rok_produkcji","Typ_paliwa"
"CBR7HK9",112,"Opel","Adam","HJ493JDKIA09DJ34S",2010,"Diesel"
"CRYJK87",117,"Toyota","Yaris","JKHUIJK9875",2011,"Diesel"
"CT12AB6",101,"Opel","Astra","45678912345",2021,"Diesel"
"CT234SD",105,"Opel","Astra","F2132148757",2022,"Benzyna"
"CTAD67Y",100,"Opel","Insygnia","5487541546",2010,"Diesel"
"DW98JKI",45,"Opel","Astra V","547845124598",2019,"Benzyna"
"NO8UY67",111,"Mazda ","CX-30","HJ45KLOI8973H3928",2021,"Benzyna"
"NOAF569",108,"KIA","Ceed","7876HDJSKMS927364",2010,"Diesel"
"NOSH8JK",109,"Mercedes","A45","KJS989345JDH456KD",2005,"Benzyna"
"PKN12345",106,"VW","Passat","MNO1234",2022,"Benzyna"
"PKN218ID",115,"VW","POLO","KFBT9437KBNCLGEX4",2003,"Benzyna"
"PKN87C20",114,"VW","Polo","Y6HV98PK65B5RTMVC",2003,"Diesel"
"PZ9872J",110,"Fiat","500L","238HKPD6B39CZ7KEG",2014,"Diesel"
"WZJK907",38,"Mercedes","S450","454784512549",2021,"Diesel"
